<?xml version="1.0" encoding="UTF-8"?>

<mule xmlns:vm="http://www.mulesoft.org/schema/mule/vm" xmlns:http="http://www.mulesoft.org/schema/mule/http" xmlns="http://www.mulesoft.org/schema/mule/core" xmlns:doc="http://www.mulesoft.org/schema/mule/documentation"
	xmlns:spring="http://www.springframework.org/schema/beans" 
	xmlns:xsi="http://www.w3.org/2001/XMLSchema-instance"
	xsi:schemaLocation="http://www.springframework.org/schema/beans http://www.springframework.org/schema/beans/spring-beans-current.xsd
http://www.mulesoft.org/schema/mule/core http://www.mulesoft.org/schema/mule/core/current/mule.xsd
http://www.mulesoft.org/schema/mule/http http://www.mulesoft.org/schema/mule/http/current/mule-http.xsd
http://www.mulesoft.org/schema/mule/vm http://www.mulesoft.org/schema/mule/vm/current/mule-vm.xsd">
    <flow name="mulevm-producerFlow">
        <vm:inbound-endpoint exchange-pattern="request-response" path="internal-queue" doc:name="VM" connector-ref="vm-config"/>
        <set-payload value="#['hello,producer,' + (new java.util.Date()) as :string {format:'yyyy-MM-dd'} ]" doc:name="Set Payload"/>
        <logger level="INFO" doc:name="Logger"/>
    </flow>
    <flow name="mulevm-producerFlow1">
        <http:listener config-ref="HTTP_Listener_Configuration" path="/vm1" doc:name="HTTP"/>
        <flow-ref name="mulevm-producerFlow" doc:name="mulevm-producerFlow"/>
    </flow>
</mule>
